x1,y1,x2,y2,confidence,resolution,tile_id
259.15726,497.82605,333.5527,567.20374,0.36932504,1.0,0
0.00557518,412.10645,31.422962,480.8368,0.27667284,1.0,0
0.08129883,219.98154,97.286255,417.9174,0.23889406,1.0,0
178.15897,327.74243,354.76205,500.3263,0.21008158,1.0,0
1143.6786,393.06238,1228.1498,471.57507,0.35987383,1.0,1
1071.8774,471.2588,1247.0063,638.9746,0.28808355,1.0,1
1203.527,233.4126,1247.9415,332.3501,0.2437924,1.0,1
1216.0807,222.46716,1355.1249,393.16797,0.67687863,1.0,2
1380.4563,309.1791,1476.2131,402.2408,0.6680731,1.0,2
1216.9775,498.55927,1326.5215,592.1788,0.2774586,1.0,2
1621.511,570.4724,1732.5886,639.7516,0.24811953,1.0,2
1272.2389,429.82587,1365.4034,513.7905,0.23882441,1.0,2
2144.3245,457.80212,2276.91,594.1997,0.35967427,1.0,3
2173.8105,364.51355,2263.4937,453.33337,0.3239391,1.0,3
2252.1143,389.25156,2332.7842,465.22202,0.31538934,1.0,3
2215.7712,501.8908,2290.3108,579.20514,0.29486904,1.0,3
2142.3315,493.9391,2230.5776,582.7439,0.2536497,1.0,3
1854.7649,502.89435,1943.9368,606.8598,0.20333007,1.0,3
2521.816,256.5551,2627.0884,355.53607,0.5895163,1.0,4
2684.0066,400.3114,2756.464,475.11462,0.5321934,1.0,4
2981.947,522.4144,3071.8557,639.598,0.41685325,1.0,4
3029.418,431.26794,3071.9097,534.9199,0.37336534,1.0,4
2635.1897,249.43103,2719.134,337.28735,0.2412625,1.0,4
2944.714,462.57086,3037.7366,545.26917,0.2159284,1.0,4
2635.781,234.94406,2873.2346,433.3475,0.20851885,1.0,4
2840.4568,373.46265,2896.2717,421.79285,0.20392409,1.0,4
3315.6604,560.6229,3400.4563,639.91956,0.7101956,1.0,5
3579.1602,293.95178,3680.0,425.4192,0.6076383,1.0,5
3154.8574,373.21942,3217.8535,437.12238,0.5559845,1.0,5
3092.8362,478.64697,3175.1091,549.6422,0.46533236,1.0,5
3087.581,255.61877,3192.1567,382.00647,0.35225713,1.0,5
3040.1514,421.2307,3121.517,529.06256,0.27824628,1.0,5
3168.6448,416.09888,3367.7678,595.1837,0.26004732,1.0,5
3543.7698,557.058,3621.8113,638.38464,0.24230671,1.0,5
3159.4766,435.37866,3251.9238,528.04333,0.21040852,1.0,5
3256.2598,554.1387,3310.105,614.10693,0.20671912,1.0,5
3812.1892,589.2067,3896.0735,639.7509,0.4327384,1.0,6
4229.784,0.0066375732,4288.0,70.81838,0.3123273,1.0,6
4256.0,0.0,4329.9316,62.771885,0.6222029,1.0,7
4256.0547,300.38983,4339.174,414.8205,0.43412086,1.0,7
4961.0625,488.5664,5114.0547,636.92773,0.31718954,1.0,8
5081.6577,593.61755,5178.4663,639.7987,0.22135133,1.0,8
0.974823,1121.5073,98.49487,1213.9277,0.5354498,1.0,10
191.75848,608.07263,280.39557,649.9121,0.30866906,1.0,10
96.50702,1110.7794,240.21567,1229.8085,0.2293839,1.0,10
1125.9102,608.0,1248.0,709.81604,0.4956058,1.0,11
1115.7532,877.7473,1188.9553,954.6926,0.3149925,1.0,11
1216.258,1053.7349,1248.0,1124.4102,0.286744,1.0,11
1152.3945,1129.7251,1247.8689,1247.5479,0.27561295,1.0,11
865.8625,852.999,1061.6858,1072.5979,0.2310272,1.0,11
1735.8262,608.0,1856.0,680.3993,0.56079155,1.0,12
1364.1604,1111.3787,1435.4517,1177.614,0.5416778,1.0,12
1657.0614,1087.7944,1738.8639,1153.8975,0.42414325,1.0,12
1228.2439,1080.2621,1342.906,1183.3683,0.35902384,1.0,12
1725.9265,1105.7781,1844.0901,1206.2322,0.3374717,1.0,12
1216.0,918.0577,1299.7651,1022.8378,0.31941897,1.0,12
1216.0,608.0,1304.2871,698.0725,0.31376785,1.0,12
1216.377,1057.7043,1282.0232,1122.4424,0.3083728,1.0,12
1723.4808,1058.85,1799.4535,1138.4642,0.30105984,1.0,12
1557.127,906.3945,1767.7021,1122.7422,0.28694093,1.0,12
1341.0468,608.262,1420.9318,656.3525,0.27757317,1.0,12
1216.0522,996.6789,1264.3682,1082.2852,0.27111265,1.0,12
1307.5753,1107.7234,1456.7006,1247.3455,0.23018,1.0,12
1492.8766,608.0217,1589.3595,645.7489,0.20384578,1.0,12
2252.6633,993.7886,2404.7668,1130.5886,0.677818,1.0,13
2047.316,907.0465,2251.0935,1087.5332,0.5036245,1.0,13
1824.0,1099.3977,1882.8931,1174.177,0.44958153,1.0,13
1824.0942,608.047,1870.7993,665.70276,0.41190875,1.0,13
2208.735,1090.8156,2279.822,1158.5953,0.31584477,1.0,13
2011.4489,608.0219,2180.2466,669.7901,0.22698976,1.0,13
2319.1145,1175.0664,2411.8215,1247.9175,0.22350241,1.0,13
2738.9668,927.2119,2870.6616,1076.5176,0.7537335,1.0,14
3003.1553,989.3427,3072.0,1076.1516,0.50930506,1.0,14
2623.6885,1033.1111,2691.0483,1100.4536,0.5084123,1.0,14
2991.4902,608.10394,3072.0,667.06696,0.50162166,1.0,14
2468.3872,1020.71643,2623.4,1149.1259,0.393017,1.0,14
2716.4854,608.0439,2850.3057,699.0994,0.30346063,1.0,14
2511.913,1161.8265,2606.462,1247.5748,0.293333,1.0,14
2582.7922,1098.8883,2697.2654,1205.8156,0.27582195,1.0,14
2582.695,931.56714,2693.1868,1031.873,0.22949556,1.0,14
3294.345,1068.6559,3461.7463,1241.8221,0.6506254,1.0,15
3507.7048,963.5654,3680.0002,1152.9983,0.52202374,1.0,15
3040.0815,1195.5327,3107.724,1248.0,0.3433385,1.0,15
3505.7617,1002.5338,3579.918,1083.6014,0.3195716,1.0,15
3040.0,608.11896,3133.6187,670.2491,0.29810128,1.0,15
3136.5923,942.21423,3324.9526,1169.0443,0.28439438,1.0,15
3237.213,1183.9031,3337.418,1247.8235,0.26586917,1.0,15
3055.3184,966.93066,3153.8516,1061.9738,0.26324874,1.0,15
3626.2979,1115.4216,3679.8716,1226.676,0.26280022,1.0,15
3275.691,968.84296,3345.127,1037.1804,0.2602478,1.0,15
3100.4724,1166.45,3232.8865,1247.7688,0.25963372,1.0,15
3584.9395,608.0187,3680.0,684.9369,0.23441103,1.0,15
3648.6138,1099.9369,3795.0024,1245.847,0.3784137,1.0,16
3648.0913,1110.2356,3762.0132,1238.0881,0.2802719,1.0,16
3680.4167,933.9392,3922.3586,1165.5122,0.23897631,1.0,16
4241.9,1172.969,4287.931,1247.9712,0.20742351,1.0,16
4256.0,608.0,4353.414,681.569,0.6369545,1.0,17
4517.977,1000.78345,4610.1284,1096.9202,0.28763136,1.0,17
4657.97,978.69464,4716.4185,1039.0437,0.27676287,1.0,17
4280.2456,1003.1461,4356.394,1079.3978,0.270872,1.0,17
4256.6357,995.93066,4357.041,1089.377,0.2390157,1.0,17
4864.0522,1073.86,4996.7437,1244.6859,0.5660468,1.0,18
5464.3496,1179.7422,5503.9893,1248.0,0.2824849,1.0,18
5473.171,1147.8805,5590.083,1247.9637,0.61142725,1.0,19
5842.8477,982.1473,5914.9023,1041.1162,0.52990395,1.0,19
6043.0273,1085.4624,6112.0,1176.2715,0.4473292,1.0,19
5479.824,1061.565,5611.0625,1163.7627,0.3858232,1.0,19
5694.3115,992.00525,5839.573,1096.6163,0.322531,1.0,19
5531.6904,608.0804,5679.659,716.2902,0.29448605,1.0,19
5472.334,1191.7085,5576.91,1248.0,0.2905075,1.0,19
88.83612,1278.692,184.3035,1360.7181,0.3894924,1.0,20
29.167206,1632.2727,157.64056,1732.5105,0.30605558,1.0,20
1049.346,1626.3242,1213.5073,1789.0459,0.42340964,1.0,21
846.8621,1622.4888,992.9528,1735.751,0.35091484,1.0,21
1182.793,1807.6697,1248.0,1855.9949,0.226163,1.0,21
1812.6157,1816.8652,1855.718,1855.9802,0.5334994,1.0,22
1664.0256,1763.904,1803.5276,1855.5864,0.47266197,1.0,22
1678.9342,1657.1514,1731.254,1714.9814,0.40662023,1.0,22
1463.9415,1726.196,1647.5424,1855.7576,0.3986192,1.0,22
1553.9739,1631.8624,1733.9114,1804.5868,0.36705726,1.0,22
1477.7572,1216.3214,1571.0924,1276.3944,0.3486516,1.0,22
1216.8431,1774.9011,1346.0057,1855.8411,0.34454298,1.0,22
1679.2834,1624.5142,1809.9333,1749.0217,0.3129727,1.0,22
1730.2277,1796.102,1812.2792,1856.0,0.25267786,1.0,22
1280.0852,1665.4164,1423.8359,1814.6373,0.23511004,1.0,22
1824.1361,1676.3533,1923.2526,1812.7117,0.6357419,1.0,23
2329.5728,1666.114,2410.1333,1747.4211,0.5106874,1.0,23
2043.7335,1643.5789,2111.7668,1699.7883,0.4390064,1.0,23
1824.1578,1216.1847,1872.5323,1268.789,0.40461424,1.0,23
2013.9906,1700.0725,2128.6274,1816.0776,0.39106956,1.0,23
2232.0708,1639.5481,2273.9102,1682.0962,0.36262524,1.0,23
2204.5298,1804.7329,2287.484,1855.7224,0.3543454,1.0,23
2314.0303,1216.0929,2415.5068,1255.3195,0.3530489,1.0,23
1824.2036,1816.9156,1912.022,1855.9833,0.31588954,1.0,23
1954.3855,1802.5826,2043.6306,1855.7953,0.29007623,1.0,23
2299.0837,1808.5377,2380.3591,1855.9154,0.27288234,1.0,23
1824.2827,1810.1431,1932.5793,1855.9934,0.2394435,1.0,23
2247.296,1216.1575,2320.3745,1266.3694,0.21913296,1.0,23
2746.7422,1637.3962,2801.4775,1684.2561,0.66707516,1.0,24
2515.6604,1733.8955,2656.214,1833.8223,0.62086207,1.0,24
2507.7314,1644.4138,2641.04,1751.1375,0.59458923,1.0,24
2572.297,1216.0,2671.283,1296.6702,0.5888806,1.0,24
3019.452,1787.7075,3071.929,1855.8015,0.5248985,1.0,24
2639.4478,1773.5642,2707.5718,1834.1323,0.51979005,1.0,24
2805.1765,1648.9719,2888.3503,1727.0798,0.51395243,1.0,24
2980.4546,1216.0,3072.0,1333.1458,0.44657767,1.0,24
2796.4688,1216.0,2909.627,1294.5818,0.39605612,1.0,24
2733.4565,1216.0087,2818.2925,1261.786,0.28301316,1.0,24
2700.863,1753.5635,2833.423,1855.6946,0.23277953,1.0,24
3573.4958,1658.1123,3679.9475,1808.8279,0.7328264,1.0,25
3050.1045,1744.8887,3104.0244,1797.6797,0.57664144,1.0,25
3164.8704,1669.699,3344.0378,1838.8242,0.39978695,1.0,25
3040.0,1216.1881,3094.9458,1268.6346,0.3544287,1.0,25
3315.6462,1766.6368,3429.7258,1855.9257,0.25964978,1.0,25
3586.916,1796.7144,3679.913,1855.9917,0.21619044,1.0,25
3756.6633,1692.717,3868.8713,1807.2727,0.4782286,1.0,26
3667.1343,1805.3899,3755.5854,1855.8899,0.3780032,1.0,26
3648.0,1291.7296,3749.6865,1404.9249,0.358396,1.0,26
4218.0225,1216.1412,4288.0,1313.5282,0.34627897,1.0,26
3648.0789,1672.6624,3706.2595,1738.6804,0.2407406,1.0,26
3672.595,1702.2694,3777.57,1814.837,0.23964384,1.0,26
4095.853,1692.5066,4190.111,1775.811,0.22280954,1.0,26
3973.6985,1216.0,4175.4033,1387.1868,0.21721044,1.0,26
4256.0,1709.2808,4379.3184,1855.5044,0.48941588,1.0,27
4486.724,1216.2003,4567.68,1276.8947,0.34708664,1.0,27
4531.3335,1689.0154,4733.678,1856.0,0.32566053,1.0,27
4668.493,1800.0088,4774.544,1856.0,0.23497374,1.0,27
4540.135,1791.8567,4631.6895,1855.8103,0.2182967,1.0,27
5469.233,1216.0535,5503.946,1276.7253,0.30137077,1.0,28
4976.357,1765.7527,5097.648,1856.0,0.26793465,1.0,28
5150.2783,1680.5583,5355.5225,1856.0,0.2053255,1.0,28
5508.978,1257.3778,5587.815,1324.1324,0.5676158,1.0,29
5472.3745,1216.0166,5585.1313,1271.803,0.5480027,1.0,29
6003.2886,1720.8953,6111.6255,1854.6609,0.5408305,1.0,29
5570.319,1745.2872,5671.056,1821.0604,0.29996708,1.0,29
5637.4717,1803.9651,5709.2188,1855.7507,0.23597606,1.0,29
5738.289,1818.3367,5856.8857,1855.9875,0.22287959,1.0,29
89.28671,2388.091,215.78244,2463.923,0.6262536,1.0,30
70.183304,2258.2192,215.82774,2397.5269,0.44509995,1.0,30
0.00045013428,1824.0,98.41831,1900.5369,0.33597732,1.0,30
88.34921,1824.0,254.14389,1910.0828,0.27850056,1.0,30
1179.2212,1824.2172,1248.0,1944.505,0.6689667,1.0,31
916.4085,2247.0542,1074.3054,2405.0298,0.44018477,1.0,31
1069.5657,2354.0942,1194.9023,2463.8198,0.37449273,1.0,31
719.51917,2250.115,959.89734,2457.3137,0.36858195,1.0,31
1168.1478,2322.6646,1247.9723,2455.7651,0.3089677,1.0,31
1060.8115,2339.787,1241.3364,2463.7295,0.27767026,1.0,31
1178.709,2359.375,1247.8943,2450.1646,0.26625726,1.0,31
1275.0127,2352.3696,1426.8652,2464.0,0.6958186,1.0,32
1732.0037,2322.583,1852.8135,2455.4385,0.492159,1.0,32
1522.75,2346.4211,1696.3352,2463.991,0.47302765,1.0,32
1216.0889,2341.5142,1283.606,2459.022,0.303273,1.0,32
1216.0,1824.2839,1274.4058,1890.02,0.2815,1.0,32
1685.531,1824.0239,1812.8865,1875.9219,0.2763405,1.0,32
1799.5422,1824.167,1856.0,1950.4836,0.26039147,1.0,32
1216.0997,2354.052,1273.0328,2447.1433,0.24171832,1.0,32
1660.2881,2323.248,1752.686,2420.8906,0.20246254,1.0,32
1824.3354,1824.0,1938.3765,1946.2285,0.7464241,1.0,33
2215.63,1824.0359,2372.5508,1903.6084,0.47486252,1.0,33
1824.1946,2339.0444,1899.2725,2423.2153,0.4649792,1.0,33
1834.8052,2347.6804,1896.3174,2416.4001,0.34832004,1.0,33
2231.673,1894.2968,2351.6213,1984.556,0.27767226,1.0,33
2071.3276,1824.1035,2151.2793,1879.6711,0.25259686,1.0,33
2432.0586,1851.6481,2464.0,1934.4198,0.20869917,1.0,33
2213.0906,2407.4866,2296.5237,2463.8738,0.20100185,1.0,33
2432.801,1860.3527,2513.4739,1947.3885,0.53088754,1.0,34
2808.0803,2396.043,2910.3337,2463.85,0.47298667,1.0,34
2565.742,1824.0543,2640.9797,1873.3461,0.34521276,1.0,34
2714.081,2421.7505,2803.0786,2463.794,0.2868421,1.0,34
2626.6235,1826.6233,2727.336,1926.5063,0.24134474,1.0,34
3017.9727,1824.0527,3071.9268,1888.001,0.2333442,1.0,34
3010.9585,2395.4663,3071.9116,2463.9663,0.23208591,1.0,34
2706.44,1824.161,2841.775,1908.2902,0.21225399,1.0,34
3123.4001,2282.4678,3272.7097,2437.2812,0.4303268,1.0,35
3247.627,2411.5898,3333.4536,2463.895,0.37221947,1.0,35
3321.4224,1824.0,3421.4614,1902.0364,0.3174773,1.0,35
3041.4717,2345.417,3185.0562,2464.0,0.291062,1.0,35
3329.059,2373.0737,3386.1885,2430.351,0.23417507,1.0,35
4218.219,2383.2432,4287.947,2464.0,0.69853,1.0,36
3741.1414,1824.0,3852.0042,1902.3984,0.5458484,1.0,36
4148.297,2344.3584,4236.422,2441.3618,0.48395562,1.0,36
3700.9092,2364.746,3857.501,2463.8662,0.4389039,1.0,36
3648.085,1824.0,3751.937,1906.2366,0.42638862,1.0,36
3770.1191,2411.4478,3861.4644,2463.8462,0.37188056,1.0,36
4068.4595,2353.5044,4158.9546,2429.3872,0.24425557,1.0,36
4053.854,2352.6003,4161.9185,2451.591,0.23398736,1.0,36
4663.719,2308.678,4890.101,2463.903,0.5663965,1.0,37
4544.1045,1824.2084,4634.452,1879.5028,0.4799194,1.0,37
4256.0,2385.5938,4344.158,2463.9102,0.4629263,1.0,37
4595.7026,1883.4868,4706.6675,1980.6567,0.28408208,1.0,37
4545.2974,1824.0205,4633.309,1863.8225,0.22395925,1.0,37
4646.1436,1828.408,4736.5195,1902.8169,0.21848191,1.0,37
4761.645,1824.0,4893.1616,1890.4688,0.20004243,1.0,37
4968.984,1824.0,5097.7495,1918.0977,0.5209598,1.0,38
5263.1826,2358.4053,5405.6865,2463.8354,0.27614093,1.0,38
4864.0,1934.2555,4902.8984,2014.7745,0.20879295,1.0,38
5415.3975,2338.8662,5504.0,2463.581,0.20791158,1.0,38
6052.828,1824.0,6112.0,1857.6138,0.33506182,1.0,39
5594.274,2338.2363,5692.4233,2412.045,0.26645562,1.0,39
67.05655,2432.0188,220.3724,2514.0022,0.5451683,1.0,40
781.56793,2432.2454,871.33307,2503.6072,0.48897058,1.0,41
1075.3271,2432.0713,1180.5674,2483.6533,0.32448038,1.0,41
1216.0,2957.9565,1339.9006,3072.0,0.6178869,1.0,42
1216.2189,2495.4197,1334.7465,2616.1404,0.3308241,1.0,42
1520.8369,2998.5518,1653.6414,3072.0,0.32903528,1.0,42
1824.5338,2464.4822,1968.1603,2632.471,0.43320712,1.0,43
2311.6782,2435.8374,2425.3179,2572.832,0.4105147,1.0,43
2119.711,2432.0742,2227.5269,2525.123,0.40176845,1.0,43
2127.97,2525.0896,2193.6106,2588.3118,0.30776647,1.0,43
2210.3628,2432.0957,2318.9263,2525.3794,0.25471786,1.0,43
2523.8296,2977.2002,2697.314,3071.6797,0.31017777,1.0,44
2468.357,2432.0198,2609.9946,2563.4695,0.30029097,1.0,44
2678.6309,2967.2588,2836.0337,3071.8271,0.27544472,1.0,44
2771.9731,3013.3528,2817.692,3064.5134,0.25605887,1.0,44
2481.786,2539.815,2656.361,2724.9521,0.2271627,1.0,44
3010.1372,2432.0837,3071.7925,2474.1184,0.20690712,1.0,44
3636.7349,2432.8481,3679.9434,2523.004,0.27457055,1.0,45
3091.4626,3023.5771,3203.7146,3071.7354,0.25885633,1.0,45
3322.4563,2478.5627,3461.368,2612.2727,0.21896784,1.0,45
4216.866,2432.0195,4287.794,2468.7769,0.4886503,1.0,46
3980.5303,2432.0,4131.228,2548.5723,0.26980573,1.0,46
5035.5044,2432.0,5147.147,2507.4482,0.5055363,1.0,48
5293.7725,2432.0,5406.449,2506.169,0.32584557,1.0,48
5400.8394,2432.0999,5503.731,2504.7488,0.25148094,1.0,48
5238.653,3036.144,5338.8647,3071.857,0.24014135,1.0,48
5703.5396,2514.7454,5800.6177,2594.0208,0.2787197,1.0,49
6067.998,2621.2292,6111.8975,2699.2307,0.20781432,1.0,49
877.7204,3040.0,1093.8184,3182.9814,0.5382366,1.0,51
1081.4473,3040.0,1247.7275,3193.8428,0.33252457,1.0,51
1117.556,3275.291,1247.9198,3420.7275,0.2857732,1.0,51
1216.0,3040.0,1349.9553,3200.3008,0.5780817,1.0,52
1726.7598,3123.903,1812.1572,3219.2214,0.27283475,1.0,52
1582.4731,3187.7407,1856.0,3440.2437,0.23990929,1.0,52
1824.0,3040.0,1958.7544,3200.398,0.48439503,1.0,53
2422.7998,3115.805,2464.0,3186.4177,0.23969008,1.0,53
2365.9858,3105.6294,2423.6504,3169.4229,0.23186372,1.0,53
2686.0198,3127.1545,2795.4324,3248.655,0.44051698,1.0,54
3004.692,3135.0427,3072.0,3263.1301,0.38212603,1.0,54
2679.5303,3040.0,2820.6172,3121.9482,0.30413178,1.0,54
2444.596,3125.94,2577.9373,3258.5405,0.22344762,1.0,54
2560.8982,3040.0173,2686.654,3153.4836,0.22219875,1.0,54
2771.8833,3056.9695,2925.6157,3223.3108,0.20446043,1.0,54
3516.9,3044.2751,3678.0005,3193.2048,0.34829226,1.0,55
3250.3281,3252.752,3408.0146,3410.4883,0.21397336,1.0,55
4042.6562,3040.0,4190.668,3170.227,0.52600765,1.0,56
3961.9153,3104.5557,4110.702,3251.583,0.44464737,1.0,56
3668.247,3078.0083,3736.6147,3166.2021,0.43914595,1.0,56
3696.0347,3064.656,3871.6245,3243.4646,0.29599842,1.0,56
4180.0303,3042.5833,4244.3643,3104.5227,0.26058838,1.0,56
4017.2317,3271.6365,4204.2285,3443.0095,0.21997151,1.0,56
4256.0,3041.9697,4376.301,3188.7988,0.4297881,1.0,57
4530.6445,3040.0,4753.0205,3190.1885,0.39555687,1.0,57
4729.4336,3044.6387,4888.917,3205.6519,0.30609575,1.0,57
4953.767,3154.7976,5047.7915,3258.7722,0.6017962,1.0,58
5110.558,3040.256,5231.728,3139.222,0.28903842,1.0,58
5426.044,3256.7085,5504.0,3374.894,0.24819274,1.0,58
5029.518,3088.443,5127.697,3173.1482,0.2267179,1.0,58
5619.5146,3145.1824,5686.6855,3198.6213,0.35704714,1.0,59
5789.9487,3081.07,5863.269,3147.8884,0.30678886,1.0,59
1217.0901,3742.7537,1346.5042,3907.3708,0.23865639,1.0,62
1710.1548,3963.5876,1856.0,4203.7344,0.21451502,1.0,62
1824.855,4064.7944,1988.9692,4287.554,0.36207965,1.0,63
3528.6504,3772.9158,3679.8433,3974.8254,0.43413922,1.0,65
3169.7913,3749.26,3309.5203,3945.8928,0.23089309,1.0,65
3648.0,3811.911,3733.7231,3997.9485,0.25141063,1.0,66
3696.4316,3770.6619,3876.6733,3993.1448,0.21958199,1.0,66
4639.1616,3830.4397,4895.946,4095.9666,0.34207898,1.0,67
4256.0,4112.9854,4457.242,4288.0,0.30913746,1.0,67
4261.1875,3956.657,4443.2236,4146.215,0.29813445,1.0,67
4618.7793,4076.0781,4896.0,4287.826,0.22264415,1.0,67
0.0,308.64044,85.54318,426.98926,0.22828847,0.75,0
175.26727,336.13388,357.15588,508.47958,0.22738142,0.75,0
1383.5663,305.86084,1478.3939,406.16602,0.68891937,0.75,1
1201.327,221.35391,1347.8927,384.64786,0.56152827,0.75,1
1217.5149,496.00754,1328.0203,596.76306,0.39280924,0.75,1
1499.987,546.7337,1599.6743,643.0008,0.30162746,0.75,1
1371.2683,471.32437,1500.4807,594.2036,0.28412354,0.75,1
1491.6731,261.47232,1664.0,432.72104,0.23007788,0.75,1
1295.066,543.1671,1405.424,645.1282,0.22801763,0.75,1
1621.4004,571.2241,1737.9011,704.1039,0.45184967,0.75,2
1752.4752,237.21066,1889.0812,436.46677,0.42459655,0.75,2
1850.8474,496.57645,1944.3286,593.9188,0.21592551,0.75,2
2280.0334,301.3163,2434.9202,462.23038,0.21478367,0.75,2
2523.6782,263.5479,2626.1064,358.875,0.45013154,0.75,3
2634.3357,246.09244,2728.8303,340.23575,0.36181587,0.75,3
2677.11,395.86844,2763.7,475.75974,0.2675948,0.75,3
3082.7385,259.80908,3198.2034,385.51862,0.2586585,0.75,3
2630.5566,239.8645,2878.0024,435.07056,0.24277201,0.75,3
2705.6594,257.85654,2877.909,427.4388,0.22056346,0.75,3
2942.4688,451.628,3039.8481,546.3137,0.20017493,0.75,3
3242.703,274.7832,3347.8875,424.37762,0.5332159,0.75,4
3242.773,416.4283,3374.916,627.48145,0.5217886,0.75,4
3312.8582,560.4617,3403.925,659.4794,0.44328657,0.75,4
3973.0784,352.8486,4095.9998,543.9488,0.27085587,0.75,4
3739.6294,0.0,3856.5615,60.967396,0.2056698,0.75,4
4254.2524,583.61237,4350.5835,687.118,0.29556483,0.75,5
4232.1846,0.12043762,4336.6885,64.092514,0.2890574,0.75,5
4939.326,368.16382,5176.37,630.8806,0.50505954,0.75,6
5470.6714,305.99298,5717.3335,643.771,0.4773745,0.75,6
5632.5605,613.38513,5717.1455,727.8645,0.3631653,0.75,6
5513.1333,598.67694,5644.14,715.5938,0.32065275,0.75,6
0.65032196,1125.1566,101.85748,1215.0526,0.3262751,0.75,7
769.1364,1649.4348,853.3333,1664.0,0.26782766,0.75,7
1360.4773,1100.1168,1443.5039,1176.549,0.3804617,0.75,8
1227.2216,1086.4081,1349.8197,1184.9435,0.3641222,0.75,8
1621.3333,810.7015,1681.6316,877.232,0.44205955,0.75,9
2305.0942,1150.9268,2413.8643,1254.3723,0.4050863,0.75,9
2043.47,910.4295,2256.674,1100.0883,0.35469922,0.75,9
1729.3612,1109.39,1846.13,1204.4056,0.31163085,0.75,9
1625.5627,936.8372,1729.854,1035.9182,0.30977637,0.75,9
2250.753,998.82495,2413.8784,1140.9084,0.28702518,0.75,9
2213.0527,1007.23816,2429.3389,1264.9713,0.2482945,0.75,9
2251.2502,1010.11127,2395.9602,1117.9407,0.21328834,0.75,9
2239.1807,1248.9379,2403.395,1389.9608,0.20020327,0.75,9
2739.6213,937.7508,2869.1174,1077.076,0.70733005,0.75,10
3231.773,961.76483,3285.102,1025.5774,0.5385844,0.75,10
2573.81,1201.7684,2669.04,1300.4823,0.4980747,0.75,10
2592.3525,934.48956,2689.2065,1029.8467,0.450539,0.75,10
3055.9565,970.3079,3154.7812,1061.1882,0.38862658,0.75,10
2466.3872,1024.6577,2617.8257,1154.2874,0.34647363,0.75,10
3140.6074,956.02423,3285.19,1169.9087,0.29683015,0.75,10
2574.8203,1101.5277,2697.225,1203.8805,0.26411268,0.75,10
2469.1858,1033.347,2578.9958,1141.2262,0.25257984,0.75,10
2740.2146,1637.7628,2800.8748,1663.8224,0.24697702,0.75,10
2544.8606,1634.0688,2659.4524,1663.9321,0.22713009,0.75,10
3299.4087,1067.7604,3459.2305,1235.0997,0.6397036,0.75,11
3621.8125,1112.2478,3750.5273,1236.4814,0.41092595,0.75,11
3508.0325,960.18414,3704.1897,1152.8514,0.29328075,0.75,11
3511.0322,998.91266,3587.8403,1086.595,0.21932456,0.75,11
4175.075,972.82983,4358.7754,1103.0588,0.2594679,0.75,12
4519.0767,1003.1591,4605.602,1089.915,0.24632819,0.75,12
5473.6045,1149.1731,5589.9395,1264.7124,0.41400212,0.75,13
5465.8438,1049.3591,5594.7812,1167.5122,0.40680206,0.75,13
5578.6855,985.7089,5717.333,1141.9055,0.30662185,0.75,13
4864.0757,1069.3628,4991.778,1223.1292,0.27971515,0.75,13
5473.2886,1187.981,5568.0747,1263.6313,0.26077783,0.75,13
5502.2466,1257.9791,5576.761,1325.1251,0.25678602,0.75,13
5618.12,1308.5432,5717.289,1435.6074,0.2230597,0.75,13
76.64782,2394.4873,223.26315,2474.2876,0.6998403,0.75,14
799.9341,1955.1621,853.3334,2059.7922,0.4294183,0.75,14
69.48829,2268.3013,210.17807,2399.7031,0.36553383,0.75,14
22.451477,1623.8387,164.86261,1734.3138,0.29356414,0.75,14
64.85604,1672.3759,284.20447,1908.0529,0.24750246,0.75,14
713.0251,2269.502,852.4847,2418.3218,0.22773787,0.75,14
1514.5299,2332.1836,1664.0001,2474.6665,0.6884807,0.75,15
1277.3252,2348.3977,1433.6577,2474.6667,0.60715854,0.75,15
932.43384,2264.9937,1075.6746,2402.895,0.43664312,0.75,15
1176.0793,2362.4116,1267.78,2451.4385,0.43596506,0.75,15
1499.2256,1867.7614,1663.6702,2059.971,0.40978104,0.75,15
810.6666,2255.2754,967.1815,2437.934,0.38178045,0.75,15
1560.7661,1632.4202,1663.9692,1809.5186,0.36160782,0.75,15
1177.459,1774.8579,1446.114,2056.5417,0.34086642,0.75,15
1065.6763,2372.5442,1190.2004,2474.6667,0.3120644,0.75,15
1065.3195,2304.3306,1284.0509,2474.374,0.3039369,0.75,15
1048.9067,1628.0201,1216.8538,1784.674,0.25628763,0.75,15
923.1377,2282.6602,1057.9419,2398.7798,0.24958329,0.75,15
886.9849,2407.8403,1021.70026,2474.6294,0.23428729,0.75,15
1061.0414,2326.6028,1195.4147,2474.0862,0.22952083,0.75,15
856.88965,1624.9385,989.5465,1729.6565,0.2287686,0.75,15
1539.1104,1763.6521,1652.2314,1861.3372,0.21799223,0.75,15
1800.5905,1809.7903,1933.7423,1946.5659,0.50044656,0.75,16
1785.2114,1683.1238,1924.4846,1819.3821,0.47280583,0.75,16
2325.3335,1661.0365,2411.2793,1742.5726,0.41350374,0.75,16
1682.5912,1630.1088,1807.7008,1748.1962,0.37897432,0.75,16
1664.7341,1772.5447,1804.2444,1877.9846,0.33293462,0.75,16
2436.927,1858.5643,2474.6667,1944.576,0.30754375,0.75,16
2310.2395,2432.9639,2411.615,2474.5093,0.27289787,0.75,16
1621.4718,1673.7158,1730.9064,1805.7568,0.27227715,0.75,16
2040.7028,1649.6536,2100.102,1699.1528,0.2499201,0.75,16
1621.835,1706.5642,1720.0212,1803.2695,0.24374619,0.75,16
1661.9955,2326.4592,1752.9349,2417.1433,0.22688691,0.75,16
1622.9753,2321.6692,1751.8069,2428.299,0.22391096,0.75,16
2208.3389,2408.3486,2315.5615,2474.3354,0.21856552,0.75,16
2009.9364,1702.3901,2131.2964,1817.8474,0.20453803,0.75,16
2798.9185,2395.6475,2914.0723,2474.1675,0.61452353,0.75,17
2517.3877,1732.1886,2660.3638,1831.8898,0.4839755,0.75,17
2803.783,1647.0818,2887.3328,1729.8618,0.47711146,0.75,17
2508.8486,1641.4879,2642.3901,1749.7142,0.40904734,0.75,17
2434.5708,1860.6147,2522.623,1944.3025,0.36728367,0.75,17
2742.7607,1635.1519,2801.0845,1687.1714,0.3514269,0.75,17
3009.891,2365.336,3186.63,2474.2754,0.34999973,0.75,17
3122.8035,2288.8135,3276.8528,2439.349,0.3392318,0.75,17
2836.9702,1712.0835,2926.6768,1820.7358,0.32700926,0.75,17
2471.8813,2406.6614,2599.954,2474.3215,0.28211802,0.75,17
2614.2207,1679.0167,2706.8696,1772.174,0.21241267,0.75,17
2739.2612,1628.5803,2890.253,1737.5659,0.21017593,0.75,17
3138.425,1677.7712,3285.3333,1844.6252,0.20387226,0.75,17
3706.7517,2367.119,3864.07,2474.6667,0.619346,0.75,18
3242.7202,1679.3552,3347.067,1825.1467,0.4886248,0.75,18
3769.5317,1698.277,3866.914,1791.7904,0.4608629,0.75,18
3575.415,1662.139,3707.398,1799.5575,0.4047991,0.75,18
3576.809,1656.9061,3768.7354,1819.1971,0.35795596,0.75,18
3244.1348,2308.9495,3331.6333,2407.7244,0.30553958,0.75,18
3754.0286,1694.562,3871.432,1812.9675,0.29101962,0.75,18
3663.6433,1804.2832,3757.7761,1889.0969,0.2819404,0.75,18
3249.5706,2404.3477,3336.3982,2474.461,0.235921,0.75,18
3968.8762,2424.1875,4061.2346,2474.648,0.23388867,0.75,18
3242.8218,2310.2441,3410.207,2473.603,0.20955934,0.75,18
4655.484,2319.1265,4903.5923,2474.6665,0.5687977,0.75,19
4532.8105,1689.2734,4723.548,1870.9504,0.4807405,0.75,19
4214.322,2383.8987,4328.1333,2474.6667,0.47207052,0.75,19
4067.064,2350.769,4162.8022,2441.125,0.2893488,0.75,19
4154.178,2344.7346,4242.359,2439.4338,0.24919733,0.75,19
4273.983,2406.8606,4430.317,2474.264,0.21364203,0.75,19
5266.1387,2361.0034,5406.324,2474.6665,0.41639915,0.75,20
5510.032,1737.2402,5634.916,1828.5762,0.39262155,0.75,20
65.195946,2432.0002,234.39984,2522.639,0.639791,0.75,21
787.04785,2432.0,853.23083,2504.1147,0.45740214,0.75,21
793.544,3007.8743,853.3067,3122.86,0.33412698,0.75,21
601.7767,2507.6863,719.5827,2615.6658,0.24630317,0.75,21
851.9594,2930.2603,1100.5328,3180.8882,0.64141756,0.75,22
1080.0681,2947.4248,1368.9072,3205.8413,0.5703281,0.75,22
1517.527,2992.8745,1664.0001,3175.5342,0.4117315,0.75,22
1614.7174,2666.0159,1664.0001,2784.4392,0.34043068,0.75,22
1069.3549,2432.039,1183.0795,2482.7979,0.3357809,0.75,22
894.1352,2432.0002,1071.197,2531.2903,0.2851122,0.75,22
810.8641,2432.0894,870.8918,2506.0,0.24188599,0.75,22
1440.8955,2432.0,1664.0,2646.9102,0.23565428,0.75,22
2306.532,2437.9414,2422.679,2571.255,0.49264598,0.75,23
2207.0881,2432.4282,2323.7595,2526.5117,0.4537909,0.75,23
1751.1573,3007.198,1960.4596,3210.528,0.3051723,0.75,23
2330.9795,3193.2358,2416.4507,3284.2446,0.26928845,0.75,23
2094.8394,2432.0,2232.686,2536.4604,0.20156485,0.75,23
2686.292,3027.6787,2797.1865,3122.605,0.22694343,0.75,24
2714.8418,2975.7185,2779.2031,3042.2185,0.2010168,0.75,24
2475.1592,2431.9998,2648.4058,2571.45,0.20008463,0.75,24
3974.9116,2432.1519,4096.0,2556.912,0.5419495,0.75,25
3959.2773,3097.9849,4095.4722,3251.1924,0.41034243,0.75,25
3700.9768,3064.0317,3864.554,3230.56,0.27326047,0.75,25
3524.9673,3069.6821,3661.6445,3189.6816,0.21124682,0.75,25
3348.0522,3070.3218,3448.2178,3189.7852,0.21103407,0.75,25
3243.0356,3116.442,3414.0479,3284.1807,0.20706956,0.75,25
4538.456,3004.4553,4751.756,3195.7415,0.41732368,0.75,26
4183.013,3005.4724,4366.4126,3191.3435,0.266206,0.75,26
4054.4329,2431.9998,4199.7954,2537.0515,0.23024005,0.75,26
4207.17,2500.6406,4385.797,2651.7197,0.21429494,0.75,26
4954.119,3156.8438,5050.4727,3260.4438,0.4977275,0.75,27
5032.384,2432.0002,5158.131,2509.4592,0.44928572,0.75,27
5415.5625,3167.0588,5517.661,3257.5173,0.39323902,0.75,27
5505.096,3199.2126,5598.2944,3279.678,0.313605,0.75,27
5551.0483,3034.6099,5717.111,3175.4702,0.30629155,0.75,27
5102.9565,3034.4568,5245.57,3143.9597,0.22094005,0.75,27
1077.3138,3732.9956,1450.597,4096.0,0.65681523,0.75,29
1547.2539,3932.5586,1663.8662,4095.6147,0.52625215,0.75,29
1571.7053,3686.674,1664.0,3943.5247,0.31029248,0.75,29
1231.6832,3242.6667,1443.494,3379.0574,0.30257577,0.75,29
1231.3916,3242.9114,1364.4905,3358.6238,0.21840443,0.75,29
1621.3334,3242.6665,1895.6469,3469.7988,0.5895721,0.75,30
1801.492,3699.2646,1974.687,3946.667,0.23597316,0.75,30
2483.9934,3752.8655,2734.9055,4001.6018,0.38662717,0.75,31
2682.7175,3742.6611,2948.157,4089.503,0.24926181,0.75,31
3183.3303,3757.044,3285.3333,3890.3486,0.20915942,0.75,31
3242.683,3244.7412,3408.3408,3425.7925,0.65524495,0.75,32
3467.2627,3752.0518,3733.7144,4034.3394,0.5175202,0.75,32
4015.0142,3956.8657,4095.859,4081.7012,0.49547946,0.75,32
3280.379,3736.2605,3382.3052,3852.1511,0.44023255,0.75,32
3701.0479,3905.9817,3922.9878,4095.5354,0.34457392,0.75,32
3339.3896,3840.4094,3424.0093,3934.6711,0.32565525,0.75,32
3242.7256,3923.1562,3414.913,4095.959,0.29853606,0.75,32
3245.3115,3733.203,3435.417,3954.4802,0.24491726,0.75,32
3540.574,3748.5564,3718.26,3923.4734,0.22793129,0.75,32
4042.106,3837.8064,4096.0,3950.911,0.20850731,0.75,32
5001.9375,3242.7246,5093.659,3301.3398,0.29971883,0.75,34
4864.1216,3242.6667,4927.7427,3323.0818,0.26993075,0.75,34
5459.474,3774.3147,5714.9116,4043.9563,0.25546312,0.75,34
4990.5474,3774.7678,5192.057,3984.5833,0.24710678,0.75,34
1030.2373,875.5448,1279.124,1148.7175,0.47403026,0.5,0
1033.9297,228.00323,1279.5698,493.32062,0.42476663,0.5,0
1064.9934,447.7807,1279.4651,728.06805,0.3438652,0.5,0
1146.6189,1093.371,1279.9199,1278.945,0.25339654,0.5,0
0.28149414,166.39117,399.27496,662.46436,0.22386992,0.5,0
118.96973,966.7523,324.86102,1129.4491,0.202723,0.5,0
1216.0809,231.76581,1348.7448,396.0821,0.5643383,0.5,1
1377.4841,301.93964,1477.5349,408.7724,0.49903613,0.5,1
2210.9575,1000.761,2437.9229,1268.2175,0.421535,0.5,1
1564.2808,893.0775,1832.5354,1141.0214,0.3602822,0.5,1
2007.5293,915.4424,2261.0786,1147.919,0.34184498,0.5,1
2268.0305,274.14532,2443.5461,465.5556,0.32654276,0.5,1
1994.2137,915.78906,2273.8472,1218.0723,0.24212423,0.5,1
2258.3398,1009.24817,2422.5327,1156.3192,0.21827723,0.5,1
2279.2148,320.22308,2440.7158,467.52057,0.21552497,0.5,1
1352.9602,463.13123,1502.5535,599.65625,0.20254381,0.5,1
2741.2734,939.03564,2878.151,1079.532,0.5856957,0.5,2
2474.3933,1029.3511,2616.7317,1163.2559,0.5045265,0.5,2
3505.414,930.78845,3712.0,1148.5839,0.43664613,0.5,2
3092.8186,260.6933,3344.8567,451.69,0.3797921,0.5,2
3580.9988,297.2873,3711.8425,436.5647,0.35470575,0.5,2
2767.0063,832.75916,2871.8306,953.4264,0.314844,0.5,2
2646.6062,244.68326,2886.1204,440.2175,0.31355107,0.5,2
2988.2424,389.64313,3369.3367,691.37836,0.24100123,0.5,2
3230.893,1176.0115,3373.6519,1280.0,0.23809598,0.5,2
3076.587,265.55835,3204.2778,391.28845,0.23382136,0.5,2
2460.6492,1155.1289,2607.0408,1279.8408,0.22687425,0.5,2
3490.9258,939.56274,3711.018,1276.9978,0.22470546,0.5,2
2977.6802,968.0165,3172.4033,1175.1019,0.21599858,0.5,2
3314.42,1090.5369,3467.2744,1251.8484,0.20292076,0.5,2
3162.845,280.8258,3346.658,432.13342,0.20215982,0.5,2
3648.0,303.08167,3957.2485,722.6516,0.6023591,0.5,3
4486.659,300.02368,4923.4307,702.93353,0.5424617,0.5,3
3652.8582,924.1516,3907.991,1166.5168,0.42145866,0.5,3
4115.924,259.86053,4340.035,432.06293,0.32904541,0.5,3
3648.0,1098.3125,3787.628,1262.9731,0.21228126,0.5,3
3972.2256,1028.9626,4216.6934,1278.615,0.20554668,0.5,3
4957.13,380.05298,5204.3125,635.1577,0.35756555,0.5,4
4864.2495,1064.1594,5015.2993,1278.1384,0.32125783,0.5,4
5541.9595,1143.1545,5690.9272,1266.8284,0.23693688,0.5,4
5535.5337,1043.4084,5695.8325,1167.4807,0.22830983,0.5,4
5555.9404,298.91425,5914.495,649.3587,0.22345778,0.5,4
5194.5996,982.72034,5396.451,1116.299,0.22297707,0.5,4
66.67557,2395.726,231.83752,2495.6304,0.6627286,0.5,5
1170.9451,1788.3568,1279.7297,1956.1268,0.48898056,0.5,5
916.54297,2257.2285,1070.9678,2405.8037,0.47712567,0.5,5
1060.491,2293.1863,1278.5735,2495.2732,0.47659037,0.5,5
661.68933,2271.7898,935.6051,2494.7893,0.42976063,0.5,5
0.028533936,2237.2017,210.03618,2420.7246,0.39322436,0.5,5
701.454,1216.0,929.30994,1359.9802,0.37485227,0.5,5
1174.1504,2346.5144,1280.0,2461.952,0.3591308,0.5,5
1110.542,1216.1559,1280.0,1401.9232,0.31578618,0.5,5
0.0,1620.2773,273.00195,1921.1196,0.2684981,0.5,5
1272.6641,2349.8982,1443.4319,2495.5042,0.5484786,0.5,6
1769.2017,1683.414,1927.6313,1824.8341,0.5138409,0.5,6
1789.4761,1799.3069,1932.7273,1943.2434,0.47490817,0.5,6
1516.6654,2280.0962,1862.0192,2496.0,0.4292403,0.5,6
1991.1458,1216.0,2246.0793,1391.3113,0.3615357,0.5,6
2303.121,2434.8188,2426.4248,2495.901,0.3383893,0.5,6
1553.8612,1638.7395,1733.1744,1798.875,0.29464737,0.5,6
1671.3809,1216.0,1898.124,1366.8743,0.27146485,0.5,6
1216.0,1216.4365,1360.4546,1396.2627,0.25020143,0.5,6
1218.3097,1641.1948,1434.8187,1827.7681,0.24691409,0.5,6
1216.0,1774.9828,1453.4812,2044.5306,0.23063809,0.5,6
2094.1897,2315.326,2328.9695,2495.4734,0.23044218,0.5,6
3573.917,1661.8169,3711.8809,1818.124,0.6547482,0.5,7
3490.9258,1216.0,3712.0,1420.8105,0.45801035,0.5,7
3481.5894,1794.3992,3711.3818,2061.0461,0.31209123,0.5,7
3013.187,2356.5015,3191.4263,2495.335,0.29874164,0.5,7
3218.3418,2341.6655,3446.4517,2495.314,0.2852248,0.5,7
2502.625,1637.0651,2700.5781,1840.702,0.27232924,0.5,7
2811.5083,2399.423,2915.938,2495.4802,0.22943227,0.5,7
2972.5945,1216.2698,3133.1204,1340.4404,0.20507509,0.5,7
4632.9614,2311.8271,4924.062,2495.857,0.6348548,0.5,8
3688.816,2372.459,3882.0303,2495.4512,0.58919543,0.5,8
3648.45,1216.2954,3866.1711,1413.0681,0.517272,0.5,8
4463.8135,1668.589,4928.0,2135.2573,0.38888952,0.5,8
4054.4495,2328.3923,4326.1006,2495.3894,0.3375835,0.5,8
4522.1567,1688.5059,4726.8647,1879.6396,0.24388081,0.5,8
6041.243,1723.0503,6143.714,1865.919,0.5485313,0.5,9
5194.408,1216.0,5473.6123,1428.7212,0.40867588,0.5,9
5480.092,2303.0803,5761.923,2494.9524,0.3378388,0.5,9
5595.132,1721.0732,5745.8916,1831.2803,0.29988965,0.5,9
4984.96,1216.0,5235.245,1361.7461,0.2086721,0.5,9
837.12964,2919.6953,1104.0168,3180.8564,0.68004334,0.5,10
64.29849,2432.1433,232.91492,2526.452,0.4195869,0.5,10
1069.1619,2941.197,1279.9666,3205.1604,0.27910596,0.5,10
1216.0,3044.605,1463.0347,3325.6938,0.3783241,0.5,11
2301.0872,2434.1765,2423.1072,2566.7961,0.28149673,0.5,11
1216.2899,2952.6353,1379.961,3203.7524,0.2457647,0.5,11
1473.4685,2920.4297,1980.178,3455.8447,0.20358138,0.5,11
1216.6311,2955.6836,1365.9563,3135.2998,0.2011037,0.5,11
1437.831,2478.4907,1607.9436,2641.1372,0.20018166,0.5,11
3522.0146,2489.014,3712.0,2762.7112,0.35618868,0.5,12
3254.582,3259.4607,3408.5205,3413.6057,0.28518227,0.5,12
3519.3083,3052.6887,3711.2268,3238.2048,0.2206615,0.5,12
4440.365,3009.6396,4928.0,3483.9814,0.40192604,0.5,13
4553.6143,3033.517,4749.5684,3193.141,0.22981063,0.5,13
4524.904,2432.0,4927.559,2783.5386,0.21485189,0.5,13
5610.2563,3031.276,5885.4917,3213.6821,0.44850212,0.5,14
5049.97,2432.0637,5198.361,2510.4685,0.34076285,0.5,14
4965.6426,3151.92,5076.464,3262.1821,0.22399184,0.5,14
5205.737,2432.0,5474.3345,2590.184,0.21747765,0.5,14
1473.1547,1599.4359,1951.5331,2091.2144,0.7180818,0.3,0
1443.114,213.4619,1935.8677,700.9885,0.6443053,0.3,0
0.7863159,166.01079,392.86887,655.62256,0.60678613,0.3,0
1032.734,227.79845,1357.1398,433.66125,0.50185996,0.3,0
691.089,1527.2592,1451.2086,2133.333,0.42020702,0.3,0
0.0,924.5237,371.0394,1379.3391,0.38612938,0.3,0
1461.7284,874.9872,1934.047,1407.3602,0.37693518,0.3,0
0.09906006,1605.3842,292.51962,1929.015,0.33763573,0.3,0
686.93726,824.52045,1444.9482,1484.2524,0.32517803,0.3,0
1983.0924,413.6206,2133.3276,686.7993,0.31568375,0.3,0
1167.1533,1759.9263,1459.1572,2072.185,0.29444787,0.3,0
53.652237,953.6485,366.34827,1245.0369,0.27566954,0.3,0
1929.3386,259.07867,2133.3333,683.073,0.26951542,0.3,0
1687.7081,390.8623,1939.2789,646.9158,0.23573184,0.3,0
1234.7703,365.74655,1487.5432,640.31836,0.23213144,0.3,0
1926.1571,907.77795,2131.826,1404.4327,0.21780421,0.3,0
2008.7069,920.57886,2132.9534,1176.9797,0.21268621,0.3,0
3507.4966,283.6586,3941.254,732.42896,0.7669018,0.3,1
2475.0833,234.81749,2911.0085,677.6545,0.6863962,0.3,1
2026.6664,245.30836,2450.914,711.1247,0.65958524,0.3,1
2983.6848,1669.0953,3427.9426,2090.9841,0.6568006,0.3,1
2463.65,1603.5457,2941.1377,2115.7185,0.60733914,0.3,1
2959.6672,239.76028,3408.6404,738.88,0.5547867,0.3,1
2944.934,915.4922,3459.13,1420.1938,0.5506829,0.3,1
3473.807,925.5477,3924.256,1413.6581,0.5319269,0.3,1
3497.9617,1671.1787,3926.4001,2121.8977,0.46903172,0.3,1
3964.6191,993.95123,4159.799,1373.124,0.38397315,0.3,1
3681.989,941.2805,3902.3645,1168.523,0.37610227,0.3,1
2028.6715,913.57263,2285.0066,1188.1168,0.3265277,0.3,1
3963.2363,269.88666,4160.0,694.60724,0.30122885,0.3,1
2027.4358,900.5594,2454.842,1426.2827,0.29753006,0.3,1
3981.7048,302.44388,4160.0,612.33154,0.20892213,0.3,1
4486.123,1644.082,5013.8184,2133.3333,0.752562,0.3,2
5620.6196,1618.8386,6180.0444,2131.4558,0.74827456,0.3,2
4506.2993,920.02246,5081.528,1450.0789,0.66773766,0.3,2
5623.2544,967.8831,6169.1626,1483.9883,0.6501433,0.3,2
4532.1377,290.88068,5003.1885,727.1382,0.6464826,0.3,2
5019.4775,1643.413,5536.752,2125.3774,0.6231971,0.3,2
4053.3333,261.77783,4446.9424,735.95447,0.6193462,0.3,2
5614.669,234.15292,6174.926,767.3202,0.5137123,0.3,2
5047.544,231.39877,5607.202,714.1013,0.3594282,0.3,2
4053.4014,1657.4678,4478.215,2115.1343,0.2972033,0.3,2
4053.333,257.8005,4481.673,880.6803,0.2479131,0.3,2
5060.684,932.6554,5589.071,1424.2316,0.22055724,0.3,2
4054.3557,0.0,4369.351,181.03775,0.20553145,0.3,2
1092.0686,3782.0166,1432.1436,4158.3877,0.70490205,0.3,3
1550.0288,3721.3079,2004.9792,4159.524,0.6859051,0.3,3
1439.6547,2996.0168,1985.8639,3588.4734,0.6275825,0.3,3
1022.22217,3007.8074,1477.9314,3502.971,0.55290973,0.3,3
1986.8008,3843.7507,2133.1167,4158.1523,0.49914578,0.3,3
1451.9514,2282.225,1970.7227,2888.206,0.48169595,0.3,3
0.0,2224.7183,232.40254,2471.6504,0.32668254,0.3,3
608.629,2231.1045,1436.6826,2911.1357,0.31038016,0.3,3
62.80243,2410.8564,249.17307,2584.6343,0.2923489,0.3,3
614.39526,2278.0747,1108.1846,2788.6626,0.2804799,0.3,3
2472.6243,3748.6,2943.2747,4159.0444,0.70872056,0.3,4
2027.2819,3055.3022,2454.9146,3582.7197,0.70589656,0.3,4
2429.728,3026.6956,2958.6816,3589.0276,0.67972755,0.3,4
2460.5269,2332.8867,2944.4512,2858.0513,0.6776536,0.3,4
2029.4563,3769.1304,2487.9353,4160.0,0.67326677,0.3,4
2963.9097,3779.1533,3454.8691,4159.629,0.660594,0.3,4
3949.2368,2377.629,4159.0767,2832.6177,0.53311175,0.3,4
3982.6577,3896.9788,4159.6143,4159.7,0.49703318,0.3,4
2926.4841,2303.158,3501.5999,2957.7395,0.47995675,0.3,4
3493.8687,3091.866,3928.0996,3549.779,0.4511375,0.3,4
3906.779,3109.3862,4159.9995,3596.0732,0.4109772,0.3,4
3482.341,3823.3945,3723.1614,4090.4585,0.40263498,0.3,4
2994.7249,3077.4956,3440.007,3535.3066,0.3416542,0.3,4
3512.7573,3815.1482,3723.1772,4037.9324,0.27648565,0.3,4
3445.761,3769.049,3939.0208,4159.5513,0.24558817,0.3,4
2031.6888,2361.3286,2468.4753,2955.7642,0.214942,0.3,4
5037.1123,3037.6199,5610.9834,3644.6912,0.7150493,0.3,5
5034.8213,3795.384,5546.082,4160.0,0.7126367,0.3,5
4469.455,3074.3518,5070.163,3628.409,0.70380086,0.3,5
4564.358,2337.5493,5077.263,2864.6099,0.66568446,0.3,5
4054.0308,3081.1553,4437.73,3639.308,0.60766894,0.3,5
4493.046,3771.459,4973.087,4160.0,0.5966752,0.3,5
5553.8965,3800.6802,6117.54,4160.0,0.50834525,0.3,5
4056.9778,3786.0308,4488.364,4158.456,0.49304602,0.3,5
5028.34,2312.5322,5580.5645,2886.5083,0.47990528,0.3,5
4053.3328,2346.8655,4480.2617,2867.1667,0.4135513,0.3,5
5535.9565,2324.8232,6162.4517,2975.0425,0.3737907,0.3,5
4587.6772,2026.879,4990.0513,2132.389,0.23970196,0.3,5
1437.1675,221.11115,1935.978,720.0298,0.6860335,0.25,0
1468.3015,1600.3965,1952.6438,2104.7012,0.6835973,0.25,0
1982.4431,245.29718,2451.2942,704.63885,0.6516281,0.25,0
0.119628906,160.62457,394.46854,672.3751,0.6345637,0.25,0
1961.2671,893.13306,2441.901,1423.0232,0.6241418,0.25,0
1485.0063,2268.209,1935.1694,2558.2148,0.6110009,0.25,0
682.1184,1492.9849,1466.7302,2205.8806,0.59575075,0.25,0
628.93396,2240.0322,1096.7148,2559.085,0.5874626,0.25,0
1454.984,849.0774,1946.3734,1387.7976,0.48417696,0.25,0
695.5559,805.1218,1467.3562,1511.947,0.45570913,0.25,0
1046.9392,211.62112,1353.5569,451.14432,0.44419968,0.25,0
0.004852295,1590.9197,314.2435,2120.3472,0.41680023,0.25,0
0.0,1598.1343,296.87323,1975.897,0.4142255,0.25,0
0.0,915.1189,371.68646,1417.0789,0.36591223,0.25,0
2061.8677,2349.81,2420.7993,2559.2432,0.3160644,0.25,0
976.20325,202.00055,1498.642,745.58655,0.25157505,0.25,0
2453.4434,2392.542,2560.0,2558.4922,0.20851064,0.25,0
1059.7781,398.46753,1420.1382,739.81885,0.20698413,0.25,0
4.1469727,944.1859,375.51105,1294.639,0.20083454,0.25,0
3511.641,276.9607,3937.1,708.95374,0.7515093,0.25,1
4449.837,1629.1421,4937.493,2131.7102,0.7453004,0.25,1
2462.1265,239.24084,2914.289,689.3657,0.7439178,0.25,1
3977.0708,270.28674,4419.189,711.61206,0.692469,0.25,1
4463.8433,882.18994,4986.7563,1422.8936,0.687779,0.25,1
2977.266,250.81946,3402.292,715.2406,0.6815403,0.25,1
4482.1646,287.776,4924.984,708.0008,0.6321619,0.25,1
2444.8188,830.746,2945.349,1480.296,0.6185245,0.25,1
2969.762,2246.9639,3465.239,2558.204,0.60994726,0.25,1
3462.0142,909.8677,3924.4116,1421.0991,0.56349194,0.25,1
3965.524,2306.872,4431.858,2560.0,0.51406336,0.25,1
4542.4746,2309.5996,4988.704,2560.0,0.5014195,0.25,1
3585.1455,2366.0264,3931.663,2559.2163,0.48460633,0.25,1
2932.059,939.0027,3460.565,1444.8191,0.47535443,0.25,1
2449.1206,1572.323,2931.9092,2128.1204,0.46409586,0.25,1
3962.421,899.0902,4431.6875,1378.6786,0.44088957,0.25,1
3009.936,1659.2937,3421.124,2032.2078,0.33069298,0.25,1
3502.575,1652.7468,3921.2048,2065.7808,0.24240541,0.25,1
4041.4175,1671.6196,4414.8813,2064.3132,0.21886355,0.25,1
1394.4277,3284.8225,1972.9541,4075.242,0.69307077,0.25,2
1077.1473,4447.093,1451.2333,4987.126,0.68474483,0.25,2
1969.8987,4398.633,2555.5398,4990.0645,0.6810923,0.25,2
1997.209,3373.0984,2482.587,4060.1765,0.63980097,0.25,2
1550.203,4328.208,2021.4423,4980.167,0.61508805,0.25,2
986.9053,3302.1475,1520.3013,4028.2393,0.48909733,0.25,2
2027.7241,2432.0,2445.6245,2890.5156,0.48270285,0.25,2
586.07764,2432.0,1444.2639,2985.9941,0.3491286,0.25,2
1422.2903,2432.0,1976.5906,2941.1943,0.34044227,0.25,2
1156.1549,3282.1113,1347.693,3531.8428,0.26945046,0.25,2
2423.0981,2432.0,2559.9502,2630.5312,0.2664478,0.25,2
572.81726,2432.0,1075.5293,2877.7954,0.23125963,0.25,2
4403.8457,3390.8013,4987.4014,4106.0874,0.7692528,0.25,3
4483.206,2432.0,4988.172,2980.4878,0.7279997,0.25,3
3935.809,2432.0,4492.14,2949.8584,0.7255762,0.25,3
2432.0,2432.0,2971.54,2965.6792,0.7236959,0.25,3
2432.227,3275.6174,2979.4995,4079.4402,0.7188773,0.25,3
2459.241,4383.6416,2981.3655,4991.1885,0.7013692,0.25,3
3883.1753,3412.4167,4402.4565,4126.336,0.6946472,0.25,3
2946.9316,4476.1113,3488.3955,4991.1016,0.64100677,0.25,3
4401.1426,4450.084,4956.291,4992.0,0.6303197,0.25,3
3988.179,4472.0225,4458.4814,4988.42,0.5418657,0.25,3
2588.2036,2967.9602,2869.8604,3288.4539,0.4436095,0.25,3
3468.899,4510.033,3748.599,4908.709,0.40343896,0.25,3
2994.255,3392.1829,3438.3062,3841.1667,0.3668751,0.25,3
3477.8555,3442.0938,3936.9902,4036.253,0.3516329,0.25,3
3506.8538,2432.0,4031.6584,2966.0903,0.31902662,0.25,3
3448.7163,4503.3926,3948.9258,4989.21,0.2811439,0.25,3
3499.8867,4502.879,3740.5723,4806.4414,0.21364413,0.25,3
